full_date,illumination,moon_group,moon_age,days_until_new_moon,days,type,title,text
2024-12-31,0.02,1,1,28,NA,NA,NA,NA
2025-01-01,0.06,1,2,27,NA,NA,NA,NA
2025-01-02,0.12,1,3,26,NA,NA,NA,NA
2025-01-03,0.21,1,4,25,NA,NA,NA,NA
2025-01-04,0.3,1,5,24,NA,NA,NA,NA
2025-01-05,0.41,1,6,23,NA,NA,NA,NA
2025-01-06,0.53,1,7,22,NA,NA,NA,NA
2025-01-07,0.64,1,8,21,NA,NA,NA,NA
2025-01-08,0.74,1,9,20,NA,NA,NA,NA
2025-01-09,0.83,1,10,19,NA,NA,NA,NA
2025-01-10,0.91,1,11,18,NA,NA,NA,NA
2025-01-11,0.96,1,12,17,NA,NA,NA,NA
2025-01-12,0.99,1,13,16,NA,NA,NA,NA
2025-01-13,1,1,14,15,NA,NA,NA,NA
2025-01-14,0.98,1,15,14,NA,NA,NA,NA
2025-01-15,0.94,1,16,13,NA,NA,NA,NA
2025-01-16,0.89,1,17,12,NA,NA,NA,NA
2025-01-17,0.82,1,18,11,NA,NA,NA,NA
2025-01-18,0.74,1,19,10,NA,NA,NA,NA
2025-01-19,0.65,1,20,9,NA,NA,NA,NA
2025-01-20,0.56,1,21,8,NA,NA,NA,NA
2025-01-21,0.47,1,22,7,NA,NA,NA,NA
2025-01-22,0.37,1,23,6,NA,NA,NA,NA
2025-01-23,0.28,1,24,5,NA,NA,NA,NA
2025-01-24,0.2,1,25,4,NA,NA,NA,NA
2025-01-25,0.13,1,26,3,NA,NA,NA,NA
2025-01-26,0.07,1,27,2,NA,NA,NA,NA
2025-01-27,0.02,1,28,1,NA,NA,NA,NA
2025-01-28,0,2,1,30,NA,NA,NA,NA
2025-01-29,0.01,2,2,29,NA,NA,NA,NA
2025-01-30,0.04,2,3,28,NA,NA,NA,NA
2025-01-31,0.09,2,4,27,NA,NA,NA,NA
2025-02-01,0.17,2,5,26,NA,NA,NA,NA
2025-02-02,0.27,2,6,25,NA,NA,NA,NA
2025-02-03,0.37,2,7,24,NA,NA,NA,NA
2025-02-04,0.49,2,8,23,NA,NA,NA,NA
2025-02-05,0.6,2,9,22,NA,NA,NA,NA
2025-02-06,0.71,2,10,21,NA,NA,NA,NA
2025-02-07,0.8,2,11,20,NA,NA,NA,NA
2025-02-08,0.88,2,12,19,NA,NA,NA,NA
2025-02-09,0.94,2,13,18,NA,NA,NA,NA
2025-02-10,0.98,2,14,17,NA,NA,NA,NA
2025-02-11,1,2,15,16,NA,NA,NA,NA
2025-02-12,1,2,16,15,NA,NA,NA,NA
2025-02-13,0.97,2,17,14,NA,NA,NA,NA
2025-02-14,0.93,2,18,13,NA,NA,NA,NA
2025-02-15,0.88,2,19,12,NA,NA,NA,NA
2025-02-16,0.81,2,20,11,NA,NA,NA,NA
2025-02-17,0.73,2,21,10,NA,NA,NA,NA
2025-02-18,0.64,2,22,9,NA,NA,NA,NA
2025-02-19,0.55,2,23,8,NA,NA,NA,NA
2025-02-20,0.46,2,24,7,NA,NA,NA,NA
2025-02-21,0.36,2,25,6,NA,NA,NA,NA
2025-02-22,0.26,2,26,5,NA,NA,NA,NA
2025-02-23,0.18,2,27,4,NA,NA,NA,NA
2025-02-24,0.1,2,28,3,NA,NA,NA,NA
2025-02-25,0.05,2,29,2,NA,NA,NA,NA
2025-02-26,0.01,2,30,1,NA,NA,NA,NA
2025-02-27,0,3,1,29,NA,NA,NA,NA
2025-02-28,0.02,3,2,28,NA,NA,NA,NA
2025-03-01,0.07,3,3,27,NA,NA,NA,NA
2025-03-02,0.14,3,4,26,NA,NA,NA,NA
2025-03-03,0.23,3,5,25,NA,NA,NA,NA
2025-03-04,0.34,3,6,24,NA,NA,NA,NA
2025-03-05,0.45,3,7,23,NA,NA,NA,NA
2025-03-06,0.56,3,8,22,NA,NA,NA,NA
2025-03-07,0.66,3,9,21,NA,NA,NA,NA
2025-03-08,0.76,3,10,20,NA,NA,NA,NA
2025-03-09,0.84,3,11,19,NA,NA,NA,NA
2025-03-10,0.91,3,12,18,NA,NA,NA,NA
2025-03-11,0.96,3,13,17,NA,NA,NA,NA
2025-03-12,0.99,3,14,16,NA,NA,NA,NA
2025-03-13,1,3,15,15,NA,NA,NA,NA
2025-03-14,0.99,3,16,14,NA,NA,NA,NA
2025-03-15,0.97,3,17,13,NA,NA,NA,NA
2025-03-16,0.92,3,18,12,NA,NA,NA,NA
2025-03-17,0.87,3,19,11,NA,NA,NA,NA
2025-03-18,0.8,3,20,10,NA,NA,NA,NA
2025-03-19,0.72,3,21,9,NA,NA,NA,NA
2025-03-20,0.63,3,22,8,NA,NA,NA,NA
2025-03-21,0.53,3,23,7,NA,NA,NA,NA
2025-03-22,0.43,3,24,6,NA,NA,NA,NA
2025-03-23,0.33,3,25,5,NA,NA,NA,NA
2025-03-24,0.23,3,26,4,NA,NA,NA,NA
2025-03-25,0.14,3,27,3,NA,NA,NA,NA
2025-03-26,0.07,3,28,2,NA,NA,NA,NA
2025-03-27,0.02,3,29,1,NA,NA,NA,NA
2025-03-28,0,4,1,30,NA,NA,NA,NA
2025-03-29,0.01,4,2,29,NA,NA,NA,NA
2025-03-30,0.05,4,3,28,NA,NA,NA,NA
2025-03-31,0.11,4,4,27,NA,NA,NA,NA
2025-04-01,0.2,4,5,26,NA,NA,NA,NA
2025-04-02,0.3,4,6,25,NA,NA,NA,NA
2025-04-03,0.41,4,7,24,NA,NA,NA,NA
2025-04-04,0.51,4,8,23,NA,NA,NA,NA
2025-04-05,0.62,4,9,22,NA,NA,NA,NA
2025-04-06,0.72,4,10,21,NA,NA,NA,NA
2025-04-07,0.8,4,11,20,NA,NA,NA,NA
2025-04-08,0.87,4,12,19,NA,NA,NA,NA
2025-04-09,0.93,4,13,18,NA,NA,NA,NA
2025-04-10,0.97,4,14,17,NA,NA,NA,NA
2025-04-11,0.99,4,15,16,NA,NA,NA,NA
2025-04-12,1,4,16,15,NA,NA,NA,NA
2025-04-13,0.99,4,17,14,NA,NA,NA,NA
2025-04-14,0.96,4,18,13,NA,NA,NA,NA
2025-04-15,0.91,4,19,12,NA,NA,NA,NA
2025-04-16,0.85,4,20,11,NA,NA,NA,NA
2025-04-17,0.77,4,21,10,NA,NA,NA,NA
2025-04-18,0.69,4,22,9,NA,NA,NA,NA
2025-04-19,0.59,4,23,8,NA,NA,NA,NA
2025-04-20,0.49,4,24,7,NA,NA,NA,NA
2025-04-21,0.38,4,25,6,NA,NA,NA,NA
2025-04-22,0.28,4,26,5,NA,NA,NA,NA
2025-04-23,0.18,4,27,4,NA,NA,NA,NA
2025-04-24,0.1,4,28,3,NA,NA,NA,NA
2025-04-25,0.04,4,29,2,NA,NA,NA,NA
2025-04-26,0.01,4,30,1,NA,NA,NA,NA
2025-04-27,0,5,1,29,NA,NA,NA,NA
2025-04-28,0.03,5,2,28,NA,NA,NA,NA
2025-04-29,0.09,5,3,27,NA,NA,NA,NA
2025-04-30,0.16,5,4,26,NA,NA,NA,NA
2025-05-01,0.26,5,5,25,NA,NA,NA,NA
2025-05-02,0.36,5,6,24,NA,NA,NA,NA
2025-05-03,0.46,5,7,23,NA,NA,NA,NA
2025-05-04,0.57,5,8,22,NA,NA,NA,NA
2025-05-05,0.66,5,9,21,NA,NA,NA,NA
2025-05-06,0.75,5,10,20,NA,NA,NA,NA
2025-05-07,0.83,5,11,19,NA,NA,NA,NA
2025-05-08,0.89,5,12,18,NA,NA,NA,NA
2025-05-09,0.94,5,13,17,NA,NA,NA,NA
2025-05-10,0.98,5,14,16,NA,NA,NA,NA
2025-05-11,1,5,15,15,NA,NA,NA,NA
2025-05-12,1,5,16,14,NA,NA,NA,NA
2025-05-13,0.98,5,17,13,NA,NA,NA,NA
2025-05-14,0.94,5,18,12,NA,NA,NA,NA
2025-05-15,0.89,5,19,11,NA,NA,NA,NA
2025-05-16,0.82,5,20,10,NA,NA,NA,NA
2025-05-17,0.73,5,21,9,NA,NA,NA,NA
2025-05-18,0.64,5,22,8,NA,NA,NA,NA
2025-05-19,0.53,5,23,7,NA,NA,NA,NA
2025-05-20,0.42,5,24,6,NA,NA,NA,NA
2025-05-21,0.31,5,25,5,NA,NA,NA,NA
2025-05-22,0.21,5,26,4,NA,NA,NA,NA
2025-05-23,0.12,5,27,3,NA,NA,NA,NA
2025-05-24,0.06,5,28,2,NA,NA,NA,NA
2025-05-25,0.01,5,29,1,NA,NA,NA,NA
2025-05-26,0,6,1,29,NA,NA,NA,NA
2025-05-27,0.02,6,2,28,NA,NA,NA,NA
2025-05-28,0.06,6,3,27,NA,NA,NA,NA
2025-05-29,0.13,6,4,26,NA,NA,NA,NA
2025-05-30,0.21,6,5,25,NA,NA,NA,NA
2025-05-31,0.31,6,6,24,NA,NA,NA,NA
2025-06-01,0.41,6,7,23,NA,NA,NA,NA
2025-06-02,0.51,6,8,22,NA,NA,NA,NA
2025-06-03,0.6,6,9,21,NA,NA,NA,NA
2025-06-04,0.7,6,10,20,NA,NA,NA,NA
2025-06-05,0.78,6,11,19,NA,NA,NA,NA
2025-06-06,0.85,6,12,18,NA,NA,NA,NA
2025-06-07,0.91,6,13,17,NA,NA,NA,NA
2025-06-08,0.96,6,14,16,NA,NA,NA,NA
2025-06-09,0.99,6,15,15,NA,NA,NA,NA
2025-06-10,1,6,16,14,NA,NA,NA,NA
2025-06-11,0.99,6,17,13,NA,NA,NA,NA
2025-06-12,0.96,6,18,12,NA,NA,NA,NA
2025-06-13,0.92,6,19,11,NA,NA,NA,NA
2025-06-14,0.85,6,20,10,NA,NA,NA,NA
2025-06-15,0.77,6,21,9,NA,NA,NA,NA
2025-06-16,0.67,6,22,8,NA,NA,NA,NA
2025-06-17,0.57,6,23,7,NA,NA,NA,NA
2025-06-18,0.46,6,24,6,NA,NA,NA,NA
2025-06-19,0.34,6,25,5,NA,NA,NA,NA
2025-06-20,0.24,6,26,4,NA,NA,NA,NA
2025-06-21,0.15,6,27,3,NA,NA,NA,NA
2025-06-22,0.07,6,28,2,NA,NA,NA,NA
2025-06-23,0.02,6,29,1,NA,NA,NA,NA
2025-06-24,0,7,1,30,NA,NA,NA,NA
2025-06-25,0.01,7,2,29,NA,NA,NA,NA
2025-06-26,0.04,7,3,28,NA,NA,NA,NA
2025-06-27,0.1,7,4,27,NA,NA,NA,NA
2025-06-28,0.17,7,5,26,NA,NA,NA,NA
2025-06-29,0.26,7,6,25,NA,NA,NA,NA
2025-06-30,0.35,7,7,24,NA,NA,NA,NA
2025-07-01,0.44,7,8,23,NA,NA,NA,NA
2025-07-02,0.54,7,9,22,NA,NA,NA,NA
2025-07-03,0.63,7,10,21,NA,NA,NA,NA
2025-07-04,0.72,7,11,20,NA,NA,NA,NA
2025-07-05,0.8,7,12,19,NA,NA,NA,NA
2025-07-06,0.87,7,13,18,NA,NA,NA,NA
2025-07-07,0.93,7,14,17,NA,NA,NA,NA
2025-07-08,0.97,7,15,16,NA,NA,NA,NA
2025-07-09,0.99,7,16,15,NA,NA,NA,NA
2025-07-10,1,7,17,14,NA,NA,NA,NA
2025-07-11,0.98,7,18,13,NA,NA,NA,NA
2025-07-12,0.94,7,19,12,NA,NA,NA,NA
2025-07-13,0.88,7,20,11,NA,NA,NA,NA
2025-07-14,0.8,7,21,10,NA,NA,NA,NA
2025-07-15,0.7,7,22,9,NA,NA,NA,NA
2025-07-16,0.59,7,23,8,NA,NA,NA,NA
2025-07-17,0.48,7,24,7,NA,NA,NA,NA
2025-07-18,0.37,7,25,6,NA,NA,NA,NA
2025-07-19,0.26,7,26,5,NA,NA,NA,NA
2025-07-20,0.16,7,27,4,NA,NA,NA,NA
2025-07-21,0.09,7,28,3,NA,NA,NA,NA
2025-07-22,0.03,7,29,2,NA,NA,NA,NA
2025-07-23,0.01,7,30,1,NA,NA,NA,NA
2025-07-24,0,8,1,29,NA,NA,NA,NA
2025-07-25,0.02,8,2,28,NA,NA,NA,NA
2025-07-26,0.07,8,3,27,NA,NA,NA,NA
2025-07-27,0.13,8,4,26,NA,NA,NA,NA
2025-07-28,0.2,8,5,25,NA,NA,NA,NA
2025-07-29,0.29,8,6,24,NA,NA,NA,NA
2025-07-30,0.38,8,7,23,NA,NA,NA,NA
2025-07-31,0.47,8,8,22,NA,NA,NA,NA
2025-08-01,0.57,8,9,21,NA,NA,NA,NA
2025-08-02,0.66,8,10,20,NA,NA,NA,NA
2025-08-03,0.75,8,11,19,NA,NA,NA,NA
2025-08-04,0.83,8,12,18,NA,NA,NA,NA
2025-08-05,0.89,8,13,17,NA,NA,NA,NA
2025-08-06,0.95,8,14,16,NA,NA,NA,NA
2025-08-07,0.98,8,15,15,NA,NA,NA,NA
2025-08-08,1,8,16,14,NA,NA,NA,NA
2025-08-09,0.99,8,17,13,NA,NA,NA,NA
2025-08-10,0.96,8,18,12,NA,NA,NA,NA
2025-08-11,0.9,8,19,11,NA,NA,NA,NA
2025-08-12,0.82,8,20,10,NA,NA,NA,NA
2025-08-13,0.72,8,21,9,NA,NA,NA,NA
2025-08-14,0.62,8,22,8,NA,NA,NA,NA
2025-08-15,0.5,8,23,7,NA,NA,NA,NA
2025-08-16,0.39,8,24,6,NA,NA,NA,NA
2025-08-17,0.28,8,25,5,NA,NA,NA,NA
2025-08-18,0.19,8,26,4,NA,NA,NA,NA
2025-08-19,0.11,8,27,3,NA,NA,NA,NA
2025-08-20,0.05,8,28,2,NA,NA,NA,NA
2025-08-21,0.01,8,29,1,NA,NA,NA,NA
2025-08-22,0,9,1,29,NA,NA,NA,NA
2025-08-23,0.01,9,2,28,NA,NA,NA,NA
2025-08-24,0.04,9,3,27,NA,NA,NA,NA
2025-08-25,0.09,9,4,26,NA,NA,NA,NA
2025-08-26,0.15,9,5,25,NA,NA,NA,NA
2025-08-27,0.23,9,6,24,NA,NA,NA,NA
2025-08-28,0.31,9,7,23,NA,NA,NA,NA
2025-08-29,0.4,9,8,22,NA,NA,NA,NA
2025-08-30,0.5,9,9,21,NA,NA,NA,NA
2025-08-31,0.59,9,10,20,NA,NA,NA,NA
2025-09-01,0.69,9,11,19,NA,NA,NA,NA
2025-09-02,0.77,9,12,18,NA,NA,NA,NA
2025-09-03,0.85,9,13,17,NA,NA,NA,NA
2025-09-04,0.92,9,14,16,NA,NA,NA,NA
2025-09-05,0.97,9,15,15,NA,NA,NA,NA
2025-09-06,1,9,16,14,NA,NA,NA,NA
2025-09-07,1,9,17,13,NA,NA,NA,NA
2025-09-08,0.97,9,18,12,NA,NA,NA,NA
2025-09-09,0.92,9,19,11,NA,NA,NA,NA
2025-09-10,0.84,9,20,10,NA,NA,NA,NA
2025-09-11,0.75,9,21,9,NA,NA,NA,NA
2025-09-12,0.64,9,22,8,NA,NA,NA,NA
2025-09-13,0.53,9,23,7,NA,NA,NA,NA
2025-09-14,0.41,9,24,6,NA,NA,NA,NA
2025-09-15,0.31,9,25,5,NA,NA,NA,NA
2025-09-16,0.21,9,26,4,NA,NA,NA,NA
2025-09-17,0.13,9,27,3,NA,NA,NA,NA
2025-09-18,0.07,9,28,2,NA,NA,NA,NA
2025-09-19,0.03,9,29,1,NA,NA,NA,NA
2025-09-20,0,10,1,1,NA,NA,NA,NA
2025-09-21,0,11,1,29,NA,NA,NA,NA
2025-09-22,0.02,11,2,28,NA,NA,NA,NA
2025-09-23,0.05,11,3,27,NA,NA,NA,NA
2025-09-24,0.11,11,4,26,NA,NA,NA,NA
2025-09-25,0.17,11,5,25,NA,NA,NA,NA
2025-09-26,0.25,11,6,24,NA,NA,NA,NA
2025-09-27,0.33,11,7,23,NA,NA,NA,NA
2025-09-28,0.43,11,8,22,NA,NA,NA,NA
2025-09-29,0.52,11,9,21,NA,NA,NA,NA
2025-09-30,0.62,11,10,20,NA,NA,NA,NA
2025-10-01,0.72,11,11,19,NA,NA,NA,NA
2025-10-02,0.81,11,12,18,NA,NA,NA,NA
2025-10-03,0.89,11,13,17,NA,NA,NA,NA
2025-10-04,0.95,11,14,16,NA,NA,NA,NA
2025-10-05,0.99,11,15,15,NA,NA,NA,NA
2025-10-06,1,11,16,14,NA,NA,NA,NA
2025-10-07,0.98,11,17,13,NA,NA,NA,NA
2025-10-08,0.94,11,18,12,NA,NA,NA,NA
2025-10-09,0.87,11,19,11,NA,NA,NA,NA
2025-10-10,0.78,11,20,10,NA,NA,NA,NA
2025-10-11,0.67,11,21,9,NA,NA,NA,NA
2025-10-12,0.56,11,22,8,NA,NA,NA,NA
2025-10-13,0.45,11,23,7,NA,NA,NA,NA
2025-10-14,0.35,11,24,6,NA,NA,NA,NA
2025-10-15,0.25,11,25,5,NA,NA,NA,NA
2025-10-16,0.17,11,26,4,NA,NA,NA,NA
2025-10-17,0.1,11,27,3,NA,NA,NA,NA
2025-10-18,0.05,11,28,2,NA,NA,NA,NA
2025-10-19,0.02,11,29,1,NA,NA,NA,NA
2025-10-20,0,12,1,30,NA,NA,NA,NA
2025-10-21,0.01,12,2,29,NA,NA,NA,NA
2025-10-22,0.03,12,3,28,NA,NA,NA,NA
2025-10-23,0.07,12,4,27,NA,NA,NA,NA
2025-10-24,0.12,12,5,26,NA,NA,NA,NA
2025-10-25,0.19,12,6,25,NA,NA,NA,NA
2025-10-26,0.27,12,7,24,NA,NA,NA,NA
2025-10-27,0.36,12,8,23,NA,NA,NA,NA
2025-10-28,0.45,12,9,22,NA,NA,NA,NA
2025-10-29,0.56,12,10,21,NA,NA,NA,NA
2025-10-30,0.66,12,11,20,NA,NA,NA,NA
2025-10-31,0.76,12,12,19,NA,NA,NA,NA
2025-11-01,0.85,12,13,18,NA,NA,NA,NA
2025-11-02,0.92,12,14,17,NA,NA,NA,NA
2025-11-03,0.97,12,15,16,NA,NA,NA,NA
2025-11-04,1,12,16,15,NA,NA,NA,NA
2025-11-05,0.99,12,17,14,NA,NA,NA,NA
2025-11-06,0.96,12,18,13,NA,NA,NA,NA
2025-11-07,0.89,12,19,12,NA,NA,NA,NA
2025-11-08,0.81,12,20,11,NA,NA,NA,NA
2025-11-09,0.71,12,21,10,NA,NA,NA,NA
2025-11-10,0.61,12,22,9,NA,NA,NA,NA
2025-11-11,0.5,12,23,8,NA,NA,NA,NA
2025-11-12,0.4,12,24,7,NA,NA,NA,NA
2025-11-13,0.3,12,25,6,NA,NA,NA,NA
2025-11-14,0.22,12,26,5,NA,NA,NA,NA
2025-11-15,0.14,12,27,4,NA,NA,NA,NA
2025-11-16,0.08,12,28,3,NA,NA,NA,NA
2025-11-17,0.04,12,29,2,NA,NA,NA,NA
2025-11-18,0.01,12,30,1,NA,NA,NA,NA
2025-11-19,0,13,1,30,NA,NA,NA,NA
2025-11-20,0.01,13,2,29,NA,NA,NA,NA
2025-11-21,0.03,13,3,28,NA,NA,NA,NA
2025-11-22,0.08,13,4,27,NA,NA,NA,NA
2025-11-23,0.14,13,5,26,NA,NA,NA,NA
2025-11-24,0.21,13,6,25,NA,NA,NA,NA
2025-11-25,0.29,13,7,24,NA,NA,NA,NA
2025-11-26,0.39,13,8,23,NA,NA,NA,NA
2025-11-27,0.49,13,9,22,NA,NA,NA,NA
2025-11-28,0.6,13,10,21,NA,NA,NA,NA
2025-11-29,0.7,13,11,20,NA,NA,NA,NA
2025-11-30,0.8,13,12,19,NA,NA,NA,NA
2025-12-01,0.89,13,13,18,NA,NA,NA,NA
2025-12-02,0.95,13,14,17,NA,NA,NA,NA
2025-12-03,0.99,13,15,16,NA,NA,NA,NA
2025-12-04,1,13,16,15,NA,NA,NA,NA
2025-12-05,0.98,13,17,14,NA,NA,NA,NA
2025-12-06,0.93,13,18,13,NA,NA,NA,NA
2025-12-07,0.85,13,19,12,NA,NA,NA,NA
2025-12-08,0.77,13,20,11,NA,NA,NA,NA
2025-12-09,0.67,13,21,10,NA,NA,NA,NA
2025-12-10,0.57,13,22,9,NA,NA,NA,NA
2025-12-11,0.47,13,23,8,NA,NA,NA,NA
2025-12-12,0.37,13,24,7,NA,NA,NA,NA
2025-12-13,0.28,13,25,6,NA,NA,NA,NA
2025-12-14,0.2,13,26,5,NA,NA,NA,NA
2025-12-15,0.13,13,27,4,NA,NA,NA,NA
2025-12-16,0.07,13,28,3,NA,NA,NA,NA
2025-12-17,0.03,13,29,2,NA,NA,NA,NA
2025-12-18,0.01,13,30,1,NA,NA,NA,NA
2025-12-19,0,14,1,29,NA,NA,NA,NA
2025-12-20,0.01,14,2,28,NA,NA,NA,NA
2025-12-21,0.04,14,3,27,NA,NA,NA,NA
2025-12-22,0.09,14,4,26,NA,NA,NA,NA
2025-12-23,0.16,14,5,25,NA,NA,NA,NA
2025-12-24,0.24,14,6,24,NA,NA,NA,NA
2025-12-25,0.33,14,7,23,NA,NA,NA,NA
2025-12-26,0.44,14,8,22,NA,NA,NA,NA
2025-12-27,0.55,14,9,21,NA,NA,NA,NA
2025-12-28,0.66,14,10,20,NA,NA,NA,NA
2025-12-29,0.76,14,11,19,NA,NA,NA,NA
2025-12-30,0.85,14,12,18,NA,NA,NA,NA
2025-12-31,0.93,14,13,17,NA,NA,NA,NA
2026-01-01,0.98,14,14,16,NA,NA,NA,NA
2026-01-02,1,14,15,15,NA,NA,NA,NA
2026-01-03,0.99,14,16,14,Jan 3,other,Wolf Moon,The first Full Moon of the year is colloquially known as the Wolf Moon in many northern cultures.
2026-01-03,0.99,14,16,14,Jan 3,other,Earth at Perihelion,"At around 17:15 UTC, the Earth reaches perihelion—the point on its orbit closest to the Sun."
2026-01-03,0.99,14,16,14,Jan 3/4,meteor,Quadrantid Meteor Shower,"The first major meteor shower of 2026, the Quadrantids, peaks on the night of January 3 and the early morning hours of January 4 (depending on your time zone)."
2026-01-04,0.96,14,17,13,NA,NA,NA,NA
2026-01-05,0.9,14,18,12,NA,NA,NA,NA
2026-01-06,0.82,14,19,11,NA,NA,NA,NA
2026-01-07,0.74,14,20,10,NA,NA,NA,NA
2026-01-08,0.64,14,21,9,NA,NA,NA,NA
2026-01-09,0.55,14,22,8,NA,NA,NA,NA
2026-01-10,0.45,14,23,7,Jan 10,other,Jupiter at Opposition,"The massive planet, Jupiter, reaches the opposite side of Earth to the Sun, and is visible from sunset to sunrise."
2026-01-11,0.36,14,24,6,NA,NA,NA,NA
2026-01-12,0.27,14,25,5,NA,NA,NA,NA
2026-01-13,0.19,14,26,4,NA,NA,NA,NA
2026-01-14,0.12,14,27,3,NA,NA,NA,NA
2026-01-15,0.07,14,28,2,NA,NA,NA,NA
2026-01-16,0.03,14,29,1,NA,NA,NA,NA
2026-01-17,0,15,1,1,NA,NA,NA,NA
2026-01-18,0,16,1,29,Jan 18,other,New Moon,A New Moon in the sky means no moonlight to hinder your view of stars and planets. Use our Interactive Night Sky Map to find out what planets are visible tonight and where.
2026-01-19,0.02,16,2,28,NA,NA,NA,NA
2026-01-20,0.06,16,3,27,NA,NA,NA,NA
2026-01-21,0.12,16,4,26,NA,NA,NA,NA
2026-01-22,0.19,16,5,25,NA,NA,NA,NA
2026-01-23,0.29,16,6,24,NA,NA,NA,NA
2026-01-24,0.39,16,7,23,NA,NA,NA,NA
2026-01-25,0.5,16,8,22,NA,NA,NA,NA
2026-01-26,0.62,16,9,21,NA,NA,NA,NA
2026-01-27,0.72,16,10,20,NA,NA,NA,NA
2026-01-28,0.82,16,11,19,NA,NA,NA,NA
2026-01-29,0.9,16,12,18,NA,NA,NA,NA
2026-01-30,0.96,16,13,17,NA,NA,NA,NA
2026-01-31,0.99,16,14,16,NA,NA,NA,NA
2026-02-01,1,16,15,15,Feb 1,other,Snow Moon,February’s Full Moon is also known as the Snow Moon in many Northern Hemisphere cultures.
2026-02-02,0.98,16,16,14,NA,NA,NA,NA
2026-02-03,0.94,16,17,13,NA,NA,NA,NA
2026-02-04,0.88,16,18,12,NA,NA,NA,NA
2026-02-05,0.8,16,19,11,NA,NA,NA,NA
2026-02-06,0.72,16,20,10,NA,NA,NA,NA
2026-02-07,0.63,16,21,9,NA,NA,NA,NA
2026-02-08,0.53,16,22,8,NA,NA,NA,NA
2026-02-09,0.44,16,23,7,NA,NA,NA,NA
2026-02-10,0.35,16,24,6,NA,NA,NA,NA
2026-02-11,0.26,16,25,5,NA,NA,NA,NA
2026-02-12,0.18,16,26,4,NA,NA,NA,NA
2026-02-13,0.11,16,27,3,NA,NA,NA,NA
2026-02-14,0.06,16,28,2,NA,NA,NA,NA
2026-02-15,0.02,16,29,1,NA,NA,NA,NA
2026-02-16,0,17,1,30,NA,NA,NA,NA
2026-02-17,0.01,17,2,29,Feb 17,eclipse,Annular Solar Eclipse,An annular solar eclipse happens in a remote area of Antarctica. Parts of southern Africa and the southern tip of South America will see a small partial solar eclipse.
2026-02-17,0.01,17,2,29,Feb 17,other,New Moon,"Take advantage of the New Moon to check out the skies with our Interactive Night Sky Map, weather permitting, of course."
2026-02-18,0.03,17,3,28,NA,NA,NA,NA
2026-02-19,0.09,17,4,27,Feb 19,other,Mercury at Greatest Elongation East,This might be a good time to try and spot Mercury: The planet appears at its farthest distance from the Sun in the evening sky.
2026-02-20,0.16,17,5,26,NA,NA,NA,NA
2026-02-21,0.25,17,6,25,NA,NA,NA,NA
2026-02-22,0.35,17,7,24,NA,NA,NA,NA
2026-02-23,0.47,17,8,23,NA,NA,NA,NA
2026-02-24,0.58,17,9,22,NA,NA,NA,NA
2026-02-25,0.69,17,10,21,NA,NA,NA,NA
2026-02-26,0.79,17,11,20,NA,NA,NA,NA
2026-02-27,0.87,17,12,19,NA,NA,NA,NA
2026-02-28,0.94,17,13,18,NA,NA,NA,NA
2026-03-01,0.98,17,14,17,NA,NA,NA,NA
2026-03-02,1,17,15,16,Mar 2/3,eclipse,Total Lunar Eclipse,"This is the last total lunar eclipse until the very end of 2028. Totality will be visible across parts of North and South America, Australia, and Asia."
2026-03-03,0.99,17,16,15,Mar 3,other,Worm Moon,"The Full Moon in March is traditionally called the Worm Moon, after earthworms that tend to appear around this time in many locations in the Northern Hemisphere."
2026-03-04,0.97,17,17,14,NA,NA,NA,NA
2026-03-05,0.92,17,18,13,NA,NA,NA,NA
2026-03-06,0.86,17,19,12,NA,NA,NA,NA
2026-03-07,0.79,17,20,11,NA,NA,NA,NA
2026-03-08,0.7,17,21,10,NA,NA,NA,NA
2026-03-09,0.61,17,22,9,NA,NA,NA,NA
2026-03-10,0.52,17,23,8,NA,NA,NA,NA
2026-03-11,0.42,17,24,7,NA,NA,NA,NA
2026-03-12,0.33,17,25,6,NA,NA,NA,NA
2026-03-13,0.24,17,26,5,NA,NA,NA,NA
2026-03-14,0.16,17,27,4,NA,NA,NA,NA
2026-03-15,0.09,17,28,3,NA,NA,NA,NA
2026-03-16,0.04,17,29,2,NA,NA,NA,NA
2026-03-17,0.01,17,30,1,NA,NA,NA,NA
2026-03-18,0,18,1,29,NA,NA,NA,NA
2026-03-19,0.02,18,2,28,Mar 19,other,New Moon,Dark nights a few days before and after the Moon reaches its New Moon phase at 01:23 UTC on March 19 are the best nights to do some night sky watching—see our map!
2026-03-20,0.06,18,3,27,Mar 20,equinox,March Equinox,"The March equinox is the first day of spring in the Northern Hemisphere and the start of fall in the Southern Hemisphere, by astronomical definitions."
2026-03-21,0.13,18,4,26,NA,NA,NA,NA
2026-03-22,0.22,18,5,25,NA,NA,NA,NA
2026-03-23,0.32,18,6,24,NA,NA,NA,NA
2026-03-24,0.43,18,7,23,NA,NA,NA,NA
2026-03-25,0.55,18,8,22,NA,NA,NA,NA
2026-03-26,0.66,18,9,21,NA,NA,NA,NA
2026-03-27,0.76,18,10,20,NA,NA,NA,NA
2026-03-28,0.84,18,11,19,NA,NA,NA,NA
2026-03-29,0.91,18,12,18,NA,NA,NA,NA
2026-03-30,0.96,18,13,17,NA,NA,NA,NA
2026-03-31,0.99,18,14,16,NA,NA,NA,NA
2026-04-01,1,18,15,15,NA,NA,NA,NA
2026-04-02,0.99,18,16,14,Apr 2,other,Pink Moon,"April’s Full Moon is traditionally known as the Pink Full Moon. In 2026, it falls at 02:11 UTC on April 2."
2026-04-03,0.96,18,17,13,Apr 3,other,Mercury at Greatest Elongation West,This might be a good time to try and spot Mercury: the planet appears at its farthest distance from the Sun in the morning sky.
2026-04-04,0.91,18,18,12,NA,NA,NA,NA
2026-04-05,0.84,18,19,11,NA,NA,NA,NA
2026-04-06,0.77,18,20,10,NA,NA,NA,NA
2026-04-07,0.69,18,21,9,NA,NA,NA,NA
2026-04-08,0.6,18,22,8,NA,NA,NA,NA
2026-04-09,0.5,18,23,7,NA,NA,NA,NA
2026-04-10,0.4,18,24,6,NA,NA,NA,NA
2026-04-11,0.31,18,25,5,NA,NA,NA,NA
2026-04-12,0.22,18,26,4,NA,NA,NA,NA
2026-04-13,0.14,18,27,3,Apr 13/14,other,Earthshine Mornings,"The Waxing and Waning Crescent Moon phases in April and May are the best time to see Earthshine, where the unlit part of the Moon becomes visible. It is also known as Da Vinci glow."
2026-04-14,0.07,18,28,2,NA,NA,NA,NA
2026-04-15,0.02,18,29,1,NA,NA,NA,NA
2026-04-16,0,19,1,30,NA,NA,NA,NA
2026-04-17,0.01,19,2,29,Apr 17,other,New Moon,"The New Moon of April 2026 falls at 11:51 UTC on the 17th. At New Moon, the far side of the Moon—which we cannot see—is fully illuminated by the Sun."
2026-04-18,0.04,19,3,28,NA,NA,NA,NA
2026-04-19,0.11,19,4,27,NA,NA,NA,NA
2026-04-20,0.19,19,5,26,Apr 20/21,other,Earthshine Nights,"The Waxing and Waning Crescent Moon phases in April and May are the best time to see Earthshine, where the unlit part of the Moon becomes visible. It is also known as Da Vinci glow."
2026-04-21,0.29,19,6,25,NA,NA,NA,NA
2026-04-22,0.4,19,7,24,Apr 22/23,meteor,Lyrid Meteor Shower,"The Lyrid meteor shower is expected to peak around April 22 and 23, depending on your location."
2026-04-23,0.51,19,8,23,NA,NA,NA,NA
2026-04-24,0.62,19,9,22,NA,NA,NA,NA
2026-04-25,0.72,19,10,21,NA,NA,NA,NA
2026-04-26,0.81,19,11,20,NA,NA,NA,NA
2026-04-27,0.88,19,12,19,NA,NA,NA,NA
2026-04-28,0.94,19,13,18,NA,NA,NA,NA
2026-04-29,0.98,19,14,17,NA,NA,NA,NA
2026-04-30,1,19,15,16,NA,NA,NA,NA
2026-05-01,1,19,16,15,May 1,other,Flower Moon,May’s Full Moon is known as the Flower Moon after all the flowers that bloom around this time in the Northern Hemisphere.
2026-05-02,0.98,19,17,14,NA,NA,NA,NA
2026-05-03,0.94,19,18,13,NA,NA,NA,NA
2026-05-04,0.89,19,19,12,NA,NA,NA,NA
2026-05-05,0.83,19,20,11,May 5/6,meteor,Eta Aquarid Meteors,Use our handy Interactive Meteor Shower Sky Map to increase your chances of seeing shooting stars from the Eta Aquarids.
2026-05-06,0.75,19,21,10,NA,NA,NA,NA
2026-05-07,0.66,19,22,9,NA,NA,NA,NA
2026-05-08,0.57,19,23,8,NA,NA,NA,NA
2026-05-09,0.47,19,24,7,NA,NA,NA,NA
2026-05-10,0.37,19,25,6,NA,NA,NA,NA
2026-05-11,0.27,19,26,5,NA,NA,NA,NA
2026-05-12,0.18,19,27,4,May 12/13,other,Earthshine Mornings,"The Waxing and Waning Crescent Moon phases in April and May are the best time to see Earthshine, where the unlit part of the Moon becomes visible. It is also known as Da Vinci glow."
2026-05-13,0.1,19,28,3,NA,NA,NA,NA
2026-05-14,0.04,19,29,2,NA,NA,NA,NA
2026-05-15,0.01,19,30,1,NA,NA,NA,NA
2026-05-16,0,20,1,29,May 16,other,Super New Moon,This month’s New Moon is at 20:01 UTC on May 16. It is the first of two Super New Moons in 2026.
2026-05-17,0.03,20,2,28,NA,NA,NA,NA
2026-05-18,0.09,20,3,27,NA,NA,NA,NA
2026-05-19,0.16,20,4,26,May 19/20,other,Earthshine Nights,"The Waxing and Waning Crescent Moon phases in April and May are the best time to see Earthshine, where the unlit part of the Moon becomes visible. It is also known as Da Vinci glow."
2026-05-20,0.26,20,5,25,NA,NA,NA,NA
2026-05-21,0.36,20,6,24,NA,NA,NA,NA
2026-05-22,0.47,20,7,23,NA,NA,NA,NA
2026-05-23,0.58,20,8,22,NA,NA,NA,NA
2026-05-24,0.68,20,9,21,NA,NA,NA,NA
2026-05-25,0.77,20,10,20,NA,NA,NA,NA
2026-05-26,0.85,20,11,19,NA,NA,NA,NA
2026-05-27,0.91,20,12,18,NA,NA,NA,NA
2026-05-28,0.96,20,13,17,NA,NA,NA,NA
2026-05-29,0.99,20,14,16,NA,NA,NA,NA
2026-05-30,1,20,15,15,NA,NA,NA,NA
2026-05-31,0.99,20,16,14,May 31,other,Micro Blue Moon,"Across all time zones, this is the second Full Moon in the month of May, making it a monthly Blue Moon. It is also a Micromoon."
2026-06-01,0.97,20,17,13,NA,NA,NA,NA
2026-06-02,0.93,20,18,12,NA,NA,NA,NA
2026-06-03,0.87,20,19,11,NA,NA,NA,NA
2026-06-04,0.8,20,20,10,NA,NA,NA,NA
2026-06-05,0.72,20,21,9,NA,NA,NA,NA
2026-06-06,0.62,20,22,8,NA,NA,NA,NA
2026-06-07,0.52,20,23,7,NA,NA,NA,NA
2026-06-08,0.42,20,24,6,NA,NA,NA,NA
2026-06-09,0.31,20,25,5,NA,NA,NA,NA
2026-06-10,0.21,20,26,4,NA,NA,NA,NA
2026-06-11,0.13,20,27,3,NA,NA,NA,NA
2026-06-12,0.06,20,28,2,NA,NA,NA,NA
2026-06-13,0.01,20,29,1,NA,NA,NA,NA
2026-06-14,0,21,1,29,NA,NA,NA,NA
2026-06-15,0.02,21,2,28,Jun 15,other,Super New Moon,"Following on from May, this is the second and final Super New Moon of 2026."
2026-06-15,0.02,21,2,28,Jun 15,other,Mercury at Greatest Elongation East,This might be a good time to try and spot Mercury: the planet appears at its farthest distance from the Sun in the evening sky.
2026-06-16,0.07,21,3,27,NA,NA,NA,NA
2026-06-17,0.14,21,4,26,NA,NA,NA,NA
2026-06-18,0.22,21,5,25,NA,NA,NA,NA
2026-06-19,0.32,21,6,24,NA,NA,NA,NA
2026-06-20,0.43,21,7,23,NA,NA,NA,NA
2026-06-21,0.53,21,8,22,Jun 21,solstice,June Solstice,"This solstice is the summer solstice in the Northern Hemisphere, where it is the longest day of the year."
2026-06-22,0.63,21,9,21,NA,NA,NA,NA
2026-06-23,0.72,21,10,20,NA,NA,NA,NA
2026-06-24,0.8,21,11,19,NA,NA,NA,NA
2026-06-25,0.87,21,12,18,NA,NA,NA,NA
2026-06-26,0.93,21,13,17,NA,NA,NA,NA
2026-06-27,0.97,21,14,16,NA,NA,NA,NA
2026-06-28,0.99,21,15,15,NA,NA,NA,NA
2026-06-29,1,21,16,14,Jun 29,other,Micro Strawberry Moon,"The Full Moon in June is often called the Strawberry Full Moon, after the berries that grow in the Northern Hemisphere around this time of the year. As with the Blue Moon at the end of May, it is a Micromoon."
2026-06-30,0.99,21,17,13,NA,NA,NA,NA
2026-07-01,0.96,21,18,12,NA,NA,NA,NA
2026-07-02,0.91,21,19,11,NA,NA,NA,NA
2026-07-03,0.84,21,20,10,NA,NA,NA,NA
2026-07-04,0.76,21,21,9,NA,NA,NA,NA
2026-07-05,0.67,21,22,8,NA,NA,NA,NA
2026-07-06,0.57,21,23,7,Jul 6,other,Earth at Aphelion,"At around 17:30 UTC, the Earth will reach aphelion—the point in its orbit farthest from the Sun."
2026-07-07,0.46,21,24,6,NA,NA,NA,NA
2026-07-08,0.35,21,25,5,NA,NA,NA,NA
2026-07-09,0.24,21,26,4,NA,NA,NA,NA
2026-07-10,0.15,21,27,3,NA,NA,NA,NA
2026-07-11,0.07,21,28,2,NA,NA,NA,NA
2026-07-12,0.02,21,29,1,NA,NA,NA,NA
2026-07-13,0,22,1,29,NA,NA,NA,NA
2026-07-14,0.01,22,2,28,Jul 14,other,New Moon,July’s New Moon comes at 09:43 UTC on July 14. The period around New Moon can be a good time to look at the night sky—without a bright Moon around to lighten the sky.
2026-07-15,0.05,22,3,27,NA,NA,NA,NA
2026-07-16,0.11,22,4,26,NA,NA,NA,NA
2026-07-17,0.19,22,5,25,NA,NA,NA,NA
2026-07-18,0.28,22,6,24,NA,NA,NA,NA
2026-07-19,0.38,22,7,23,NA,NA,NA,NA
2026-07-20,0.48,22,8,22,NA,NA,NA,NA
2026-07-21,0.57,22,9,21,NA,NA,NA,NA
2026-07-22,0.67,22,10,20,NA,NA,NA,NA
2026-07-23,0.75,22,11,19,NA,NA,NA,NA
2026-07-24,0.83,22,12,18,NA,NA,NA,NA
2026-07-25,0.9,22,13,17,NA,NA,NA,NA
2026-07-26,0.95,22,14,16,NA,NA,NA,NA
2026-07-27,0.98,22,15,15,NA,NA,NA,NA
2026-07-28,1,22,16,14,NA,NA,NA,NA
2026-07-29,1,22,17,13,Jul 29,other,Buck Moon,"July’s Full Moon is known as the Buck Moon, signifying the new antlers that emerge on a deer buck’s forehead around this time. This year, it falls at 14:35 UTC on July 29."
2026-07-30,0.98,22,18,12,NA,NA,NA,NA
2026-07-31,0.93,22,19,11,NA,NA,NA,NA
2026-08-01,0.87,22,20,10,NA,NA,NA,NA
2026-08-02,0.8,22,21,9,Aug 2,other,Mercury at Greatest Elongation West,This might be a good time to try and spot Mercury: the planet appears at its farthest distance from the Sun in the morning sky.
2026-08-03,0.7,22,22,8,NA,NA,NA,NA
2026-08-04,0.6,22,23,7,NA,NA,NA,NA
2026-08-05,0.49,22,24,6,NA,NA,NA,NA
2026-08-06,0.38,22,25,5,NA,NA,NA,NA
2026-08-07,0.27,22,26,4,NA,NA,NA,NA
2026-08-08,0.17,22,27,3,NA,NA,NA,NA
2026-08-09,0.09,22,28,2,NA,NA,NA,NA
2026-08-10,0.03,22,29,1,NA,NA,NA,NA
2026-08-11,0,23,1,1,NA,NA,NA,NA
2026-08-12,0,24,1,29,Aug 12,eclipse,Total Solar Eclipse,"The second solar eclipse of 2026 will be a total eclipse. The path of totality will cross Russia, Greenland, Iceland, and Spain—other European countries will see a partial eclipse."
2026-08-12,0,24,1,29,Aug 12,eclipse,New Moon,August’s New Moon is a special New Moon: it will produce a total solar eclipse across a small part of Europe (see above).
2026-08-12,0,24,1,29,Aug 12/13,meteor,Perseid Meteors,"The Perseid meteor shower is usually one of the most active and brightest meteor showers of the year. This year, the Perseids coincide with a New Moon—ideal for spotting shooting stars in a dark, moonless sky."
2026-08-13,0.03,24,2,28,NA,NA,NA,NA
2026-08-14,0.08,24,3,27,NA,NA,NA,NA
2026-08-15,0.15,24,4,26,Aug 15,other,Venus at Greatest Elongation East,Venus shines brightly in the west after sunset. Today the planet appears at its farthest distance from the Sun in the evening sky.
2026-08-16,0.23,24,5,25,NA,NA,NA,NA
2026-08-17,0.32,24,6,24,NA,NA,NA,NA
2026-08-18,0.41,24,7,23,NA,NA,NA,NA
2026-08-19,0.51,24,8,22,NA,NA,NA,NA
2026-08-20,0.61,24,9,21,NA,NA,NA,NA
2026-08-21,0.7,24,10,20,NA,NA,NA,NA
2026-08-22,0.78,24,11,19,NA,NA,NA,NA
2026-08-23,0.85,24,12,18,NA,NA,NA,NA
2026-08-24,0.91,24,13,17,NA,NA,NA,NA
2026-08-25,0.96,24,14,16,NA,NA,NA,NA
2026-08-26,0.99,24,15,15,NA,NA,NA,NA
2026-08-27,1,24,16,14,NA,NA,NA,NA
2026-08-28,0.99,24,17,13,Aug 28,other,Sturgeon Moon,August’s Full Moon is traditionally called the Sturgeon Moon.
2026-08-29,0.95,24,18,12,NA,NA,NA,NA
2026-08-30,0.9,24,19,11,NA,NA,NA,NA
2026-08-31,0.82,24,20,10,NA,NA,NA,NA
2026-09-01,0.73,24,21,9,NA,NA,NA,NA
2026-09-02,0.63,24,22,8,NA,NA,NA,NA
2026-09-03,0.51,24,23,7,NA,NA,NA,NA
2026-09-04,0.4,24,24,6,NA,NA,NA,NA
2026-09-05,0.29,24,25,5,NA,NA,NA,NA
2026-09-06,0.19,24,26,4,NA,NA,NA,NA
2026-09-07,0.11,24,27,3,NA,NA,NA,NA
2026-09-08,0.05,24,28,2,NA,NA,NA,NA
2026-09-09,0.01,24,29,1,NA,NA,NA,NA
2026-09-10,0,25,1,29,NA,NA,NA,NA
2026-09-11,0.01,25,2,28,Sep 11,other,New Moon,A New Moon in the sky means no moonlight to hinder your view of stars and planets. Use our Interactive Night Sky Map to find out what planets are visible tonight and where.
2026-09-12,0.05,25,3,27,NA,NA,NA,NA
2026-09-13,0.11,25,4,26,NA,NA,NA,NA
2026-09-14,0.18,25,5,25,NA,NA,NA,NA
2026-09-15,0.26,25,6,24,NA,NA,NA,NA
2026-09-16,0.35,25,7,23,NA,NA,NA,NA
2026-09-17,0.44,25,8,22,NA,NA,NA,NA
2026-09-18,0.53,25,9,21,NA,NA,NA,NA
2026-09-19,0.63,25,10,20,NA,NA,NA,NA
2026-09-20,0.72,25,11,19,NA,NA,NA,NA
2026-09-21,0.8,25,12,18,NA,NA,NA,NA
2026-09-22,0.87,25,13,17,NA,NA,NA,NA
2026-09-23,0.93,25,14,16,Sep 23,equinox,September Equinox,"Also known as the autumnal (fall) equinox in the Northern Hemisphere, the September Equinox is considered by many as the first day of fall."
2026-09-24,0.97,25,15,15,NA,NA,NA,NA
2026-09-25,1,25,16,14,NA,NA,NA,NA
2026-09-26,1,25,17,13,Sep 26,equinox,Harvest Moon,"The Full Moon closest to the September equinox is called the Harvest Moon. In 2025, the Harvest Moon fell in October; in 2026, it happens in September."
2026-09-27,0.97,25,18,12,NA,NA,NA,NA
2026-09-28,0.92,25,19,11,NA,NA,NA,NA
2026-09-29,0.85,25,20,10,NA,NA,NA,NA
2026-09-30,0.76,25,21,9,NA,NA,NA,NA
2026-10-01,0.65,25,22,8,NA,NA,NA,NA
2026-10-02,0.54,25,23,7,NA,NA,NA,NA
2026-10-03,0.43,25,24,6,NA,NA,NA,NA
2026-10-04,0.32,25,25,5,NA,NA,NA,NA
2026-10-05,0.22,25,26,4,NA,NA,NA,NA
2026-10-06,0.13,25,27,3,NA,NA,NA,NA
2026-10-07,0.07,25,28,2,NA,NA,NA,NA
2026-10-08,0.02,25,29,1,NA,NA,NA,NA
2026-10-09,0,26,1,1,NA,NA,NA,NA
2026-10-10,0,27,1,29,NA,NA,NA,NA
2026-10-11,0.03,27,2,28,NA,NA,NA,NA
2026-10-12,0.07,27,3,27,NA,NA,NA,NA
2026-10-13,0.13,27,4,26,NA,NA,NA,NA
2026-10-14,0.2,27,5,25,NA,NA,NA,NA
2026-10-15,0.28,27,6,24,NA,NA,NA,NA
2026-10-16,0.36,27,7,23,NA,NA,NA,NA
2026-10-17,0.46,27,8,22,NA,NA,NA,NA
2026-10-18,0.55,27,9,21,NA,NA,NA,NA
2026-10-19,0.65,27,10,20,NA,NA,NA,NA
2026-10-20,0.74,27,11,19,NA,NA,NA,NA
2026-10-21,0.82,27,12,18,NA,NA,NA,NA
2026-10-22,0.89,27,13,17,NA,NA,NA,NA
2026-10-23,0.95,27,14,16,NA,NA,NA,NA
2026-10-24,0.99,27,15,15,NA,NA,NA,NA
2026-10-25,1,27,16,14,NA,NA,NA,NA
2026-10-26,0.98,27,17,13,NA,NA,NA,NA
2026-10-27,0.94,27,18,12,NA,NA,NA,NA
2026-10-28,0.87,27,19,11,NA,NA,NA,NA
2026-10-29,0.79,27,20,10,NA,NA,NA,NA
2026-10-30,0.68,27,21,9,NA,NA,NA,NA
2026-10-31,0.57,27,22,8,NA,NA,NA,NA
2026-11-01,0.46,27,23,7,NA,NA,NA,NA
2026-11-02,0.35,27,24,6,NA,NA,NA,NA
2026-11-03,0.25,27,25,5,NA,NA,NA,NA
2026-11-04,0.17,27,26,4,NA,NA,NA,NA
2026-11-05,0.1,27,27,3,NA,NA,NA,NA
2026-11-06,0.05,27,28,2,NA,NA,NA,NA
2026-11-07,0.01,27,29,1,NA,NA,NA,NA
2026-11-08,0,28,1,30,NA,NA,NA,NA
2026-11-09,0.01,28,2,29,NA,NA,NA,NA
2026-11-10,0.04,28,3,28,NA,NA,NA,NA
2026-11-11,0.08,28,4,27,NA,NA,NA,NA
2026-11-12,0.14,28,5,26,NA,NA,NA,NA
2026-11-13,0.21,28,6,25,NA,NA,NA,NA
2026-11-14,0.29,28,7,24,NA,NA,NA,NA
2026-11-15,0.38,28,8,23,NA,NA,NA,NA
2026-11-16,0.47,28,9,22,NA,NA,NA,NA
2026-11-17,0.57,28,10,21,NA,NA,NA,NA
2026-11-18,0.67,28,11,20,NA,NA,NA,NA
2026-11-19,0.76,28,12,19,NA,NA,NA,NA
2026-11-20,0.85,28,13,18,NA,NA,NA,NA
2026-11-21,0.92,28,14,17,NA,NA,NA,NA
2026-11-22,0.97,28,15,16,NA,NA,NA,NA
2026-11-23,1,28,16,15,NA,NA,NA,NA
2026-11-24,0.99,28,17,14,NA,NA,NA,NA
2026-11-25,0.96,28,18,13,NA,NA,NA,NA
2026-11-26,0.9,28,19,12,NA,NA,NA,NA
2026-11-27,0.82,28,20,11,NA,NA,NA,NA
2026-11-28,0.72,28,21,10,NA,NA,NA,NA
2026-11-29,0.62,28,22,9,NA,NA,NA,NA
2026-11-30,0.51,28,23,8,NA,NA,NA,NA
2026-12-01,0.4,28,24,7,NA,NA,NA,NA
2026-12-02,0.3,28,25,6,NA,NA,NA,NA
2026-12-03,0.21,28,26,5,NA,NA,NA,NA
2026-12-04,0.14,28,27,4,NA,NA,NA,NA
2026-12-05,0.08,28,28,3,NA,NA,NA,NA
2026-12-06,0.03,28,29,2,NA,NA,NA,NA
2026-12-07,0.01,28,30,1,NA,NA,NA,NA
2026-12-08,0,29,1,29,NA,NA,NA,NA
2026-12-09,0.01,29,2,28,NA,NA,NA,NA
2026-12-10,0.04,29,3,27,NA,NA,NA,NA
2026-12-11,0.09,29,4,26,NA,NA,NA,NA
2026-12-12,0.15,29,5,25,NA,NA,NA,NA
2026-12-13,0.22,29,6,24,NA,NA,NA,NA
2026-12-14,0.31,29,7,23,NA,NA,NA,NA
2026-12-15,0.4,29,8,22,NA,NA,NA,NA
2026-12-16,0.5,29,9,21,NA,NA,NA,NA
2026-12-17,0.6,29,10,20,NA,NA,NA,NA
2026-12-18,0.7,29,11,19,NA,NA,NA,NA
2026-12-19,0.8,29,12,18,NA,NA,NA,NA
2026-12-20,0.88,29,13,17,NA,NA,NA,NA
2026-12-21,0.95,29,14,16,NA,NA,NA,NA
2026-12-22,0.99,29,15,15,NA,NA,NA,NA
2026-12-23,1,29,16,14,NA,NA,NA,NA
2026-12-24,0.98,29,17,13,NA,NA,NA,NA
2026-12-25,0.93,29,18,12,NA,NA,NA,NA
2026-12-26,0.86,29,19,11,NA,NA,NA,NA
2026-12-27,0.77,29,20,10,NA,NA,NA,NA
2026-12-28,0.67,29,21,9,NA,NA,NA,NA
2026-12-29,0.56,29,22,8,NA,NA,NA,NA
2026-12-30,0.46,29,23,7,NA,NA,NA,NA
2026-12-31,0.36,29,24,6,NA,NA,NA,NA
2027-01-01,0.27,29,25,5,NA,NA,NA,NA
2027-01-02,0.18,29,26,4,NA,NA,NA,NA
2027-01-03,0.12,29,27,3,NA,NA,NA,NA
2027-01-04,0.06,29,28,2,NA,NA,NA,NA
2027-01-05,0.03,29,29,1,NA,NA,NA,NA
2027-01-06,0,30,1,1,NA,NA,NA,NA
2027-01-07,0,31,1,29,NA,NA,NA,NA
2027-01-08,0.02,31,2,28,NA,NA,NA,NA
2027-01-09,0.05,31,3,27,NA,NA,NA,NA
2027-01-10,0.1,31,4,26,NA,NA,NA,NA
2027-01-11,0.16,31,5,25,NA,NA,NA,NA
2027-01-12,0.24,31,6,24,NA,NA,NA,NA
2027-01-13,0.33,31,7,23,NA,NA,NA,NA
2027-01-14,0.43,31,8,22,NA,NA,NA,NA
2027-01-15,0.54,31,9,21,NA,NA,NA,NA
2027-01-16,0.65,31,10,20,NA,NA,NA,NA
2027-01-17,0.75,31,11,19,NA,NA,NA,NA
2027-01-18,0.84,31,12,18,NA,NA,NA,NA
2027-01-19,0.92,31,13,17,NA,NA,NA,NA
2027-01-20,0.97,31,14,16,NA,NA,NA,NA
2027-01-21,1,31,15,15,NA,NA,NA,NA
2027-01-22,0.99,31,16,14,NA,NA,NA,NA
2027-01-23,0.96,31,17,13,NA,NA,NA,NA
2027-01-24,0.9,31,18,12,NA,NA,NA,NA
2027-01-25,0.82,31,19,11,NA,NA,NA,NA
2027-01-26,0.73,31,20,10,NA,NA,NA,NA
2027-01-27,0.63,31,21,9,NA,NA,NA,NA
2027-01-28,0.53,31,22,8,NA,NA,NA,NA
2027-01-29,0.43,31,23,7,NA,NA,NA,NA
2027-01-30,0.33,31,24,6,NA,NA,NA,NA
2027-01-31,0.25,31,25,5,NA,NA,NA,NA
2027-02-01,0.17,31,26,4,NA,NA,NA,NA
2027-02-02,0.1,31,27,3,NA,NA,NA,NA
2027-02-03,0.05,31,28,2,NA,NA,NA,NA
2027-02-04,0.02,31,29,1,NA,NA,NA,NA
2027-02-05,0,32,1,1,NA,NA,NA,NA
2027-02-06,0,33,1,29,NA,NA,NA,NA
2027-02-07,0.02,33,2,28,NA,NA,NA,NA
2027-02-08,0.06,33,3,27,NA,NA,NA,NA
2027-02-09,0.12,33,4,26,NA,NA,NA,NA
2027-02-10,0.19,33,5,25,NA,NA,NA,NA
2027-02-11,0.28,33,6,24,NA,NA,NA,NA
2027-02-12,0.38,33,7,23,NA,NA,NA,NA
2027-02-13,0.49,33,8,22,NA,NA,NA,NA
2027-02-14,0.6,33,9,21,NA,NA,NA,NA
2027-02-15,0.71,33,10,20,NA,NA,NA,NA
2027-02-16,0.81,33,11,19,NA,NA,NA,NA
2027-02-17,0.89,33,12,18,NA,NA,NA,NA
2027-02-18,0.96,33,13,17,NA,NA,NA,NA
2027-02-19,0.99,33,14,16,NA,NA,NA,NA
2027-02-20,1,33,15,15,NA,NA,NA,NA
2027-02-21,0.98,33,16,14,NA,NA,NA,NA
2027-02-22,0.93,33,17,13,NA,NA,NA,NA
2027-02-23,0.87,33,18,12,NA,NA,NA,NA
2027-02-24,0.79,33,19,11,NA,NA,NA,NA
2027-02-25,0.7,33,20,10,NA,NA,NA,NA
2027-02-26,0.6,33,21,9,NA,NA,NA,NA
2027-02-27,0.5,33,22,8,NA,NA,NA,NA
2027-02-28,0.41,33,23,7,NA,NA,NA,NA
2027-03-01,0.32,33,24,6,NA,NA,NA,NA
2027-03-02,0.23,33,25,5,NA,NA,NA,NA
2027-03-03,0.16,33,26,4,NA,NA,NA,NA
2027-03-04,0.09,33,27,3,NA,NA,NA,NA
2027-03-05,0.05,33,28,2,NA,NA,NA,NA
2027-03-06,0.01,33,29,1,NA,NA,NA,NA
2027-03-07,0,34,1,30,NA,NA,NA,NA
2027-03-08,0.01,34,2,29,NA,NA,NA,NA
2027-03-09,0.04,34,3,28,NA,NA,NA,NA
2027-03-10,0.08,34,4,27,NA,NA,NA,NA
2027-03-11,0.15,34,5,26,NA,NA,NA,NA
2027-03-12,0.24,34,6,25,NA,NA,NA,NA
2027-03-13,0.34,34,7,24,NA,NA,NA,NA
2027-03-14,0.45,34,8,23,NA,NA,NA,NA
2027-03-15,0.56,34,9,22,NA,NA,NA,NA
2027-03-16,0.67,34,10,21,NA,NA,NA,NA
2027-03-17,0.78,34,11,20,NA,NA,NA,NA
2027-03-18,0.87,34,12,19,NA,NA,NA,NA
2027-03-19,0.93,34,13,18,NA,NA,NA,NA
2027-03-20,0.98,34,14,17,NA,NA,NA,NA
2027-03-21,1,34,15,16,NA,NA,NA,NA
2027-03-22,0.99,34,16,15,NA,NA,NA,NA
2027-03-23,0.96,34,17,14,NA,NA,NA,NA
2027-03-24,0.91,34,18,13,NA,NA,NA,NA
2027-03-25,0.84,34,19,12,NA,NA,NA,NA
2027-03-26,0.76,34,20,11,NA,NA,NA,NA
2027-03-27,0.67,34,21,10,NA,NA,NA,NA
2027-03-28,0.58,34,22,9,NA,NA,NA,NA
2027-03-29,0.49,34,23,8,NA,NA,NA,NA
2027-03-30,0.39,34,24,7,NA,NA,NA,NA
2027-03-31,0.3,34,25,6,NA,NA,NA,NA
2027-04-01,0.22,34,26,5,NA,NA,NA,NA
2027-04-02,0.14,34,27,4,NA,NA,NA,NA
2027-04-03,0.08,34,28,3,NA,NA,NA,NA
2027-04-04,0.04,34,29,2,NA,NA,NA,NA
2027-04-05,0.01,34,30,1,NA,NA,NA,NA
2027-04-06,0,35,1,29,NA,NA,NA,NA
2027-04-07,0.02,35,2,28,NA,NA,NA,NA
2027-04-08,0.06,35,3,27,NA,NA,NA,NA
2027-04-09,0.12,35,4,26,NA,NA,NA,NA
2027-04-10,0.21,35,5,25,NA,NA,NA,NA
2027-04-11,0.31,35,6,24,NA,NA,NA,NA
2027-04-12,0.42,35,7,23,NA,NA,NA,NA
2027-04-13,0.53,35,8,22,NA,NA,NA,NA
2027-04-14,0.64,35,9,21,NA,NA,NA,NA
2027-04-15,0.75,35,10,20,NA,NA,NA,NA
2027-04-16,0.84,35,11,19,NA,NA,NA,NA
2027-04-17,0.91,35,12,18,NA,NA,NA,NA
2027-04-18,0.96,35,13,17,NA,NA,NA,NA
2027-04-19,0.99,35,14,16,NA,NA,NA,NA
2027-04-20,1,35,15,15,NA,NA,NA,NA
2027-04-21,0.98,35,16,14,NA,NA,NA,NA
2027-04-22,0.94,35,17,13,NA,NA,NA,NA
2027-04-23,0.89,35,18,12,NA,NA,NA,NA
2027-04-24,0.82,35,19,11,NA,NA,NA,NA
2027-04-25,0.74,35,20,10,NA,NA,NA,NA
2027-04-26,0.65,35,21,9,NA,NA,NA,NA
2027-04-27,0.56,35,22,8,NA,NA,NA,NA
2027-04-28,0.47,35,23,7,NA,NA,NA,NA
2027-04-29,0.37,35,24,6,NA,NA,NA,NA
2027-04-30,0.28,35,25,5,NA,NA,NA,NA
2027-05-01,0.2,35,26,4,NA,NA,NA,NA
2027-05-02,0.12,35,27,3,NA,NA,NA,NA
2027-05-03,0.06,35,28,2,NA,NA,NA,NA
2027-05-04,0.02,35,29,1,NA,NA,NA,NA
2027-05-05,0,36,1,30,NA,NA,NA,NA
2027-05-06,0.01,36,2,29,NA,NA,NA,NA
2027-05-07,0.04,36,3,28,NA,NA,NA,NA
2027-05-08,0.1,36,4,27,NA,NA,NA,NA
2027-05-09,0.18,36,5,26,NA,NA,NA,NA
2027-05-10,0.28,36,6,25,NA,NA,NA,NA
2027-05-11,0.39,36,7,24,NA,NA,NA,NA
2027-05-12,0.5,36,8,23,NA,NA,NA,NA
2027-05-13,0.61,36,9,22,NA,NA,NA,NA
2027-05-14,0.72,36,10,21,NA,NA,NA,NA
2027-05-15,0.81,36,11,20,NA,NA,NA,NA
2027-05-16,0.89,36,12,19,NA,NA,NA,NA
2027-05-17,0.94,36,13,18,NA,NA,NA,NA
2027-05-18,0.98,36,14,17,NA,NA,NA,NA
2027-05-19,1,36,15,16,NA,NA,NA,NA
2027-05-20,0.99,36,16,15,NA,NA,NA,NA
2027-05-21,0.97,36,17,14,NA,NA,NA,NA
2027-05-22,0.93,36,18,13,NA,NA,NA,NA
2027-05-23,0.87,36,19,12,NA,NA,NA,NA
2027-05-24,0.8,36,20,11,NA,NA,NA,NA
2027-05-25,0.72,36,21,10,NA,NA,NA,NA
2027-05-26,0.63,36,22,9,NA,NA,NA,NA
2027-05-27,0.54,36,23,8,NA,NA,NA,NA
2027-05-28,0.44,36,24,7,NA,NA,NA,NA
2027-05-29,0.34,36,25,6,NA,NA,NA,NA
2027-05-30,0.25,36,26,5,NA,NA,NA,NA
2027-05-31,0.16,36,27,4,NA,NA,NA,NA
2027-06-01,0.09,36,28,3,NA,NA,NA,NA
2027-06-02,0.04,36,29,2,NA,NA,NA,NA
2027-06-03,0.01,36,30,1,NA,NA,NA,NA
2027-06-04,0,37,1,29,NA,NA,NA,NA
2027-06-05,0.03,37,2,28,NA,NA,NA,NA
2027-06-06,0.08,37,3,27,NA,NA,NA,NA
2027-06-07,0.16,37,4,26,NA,NA,NA,NA
2027-06-08,0.25,37,5,25,NA,NA,NA,NA
2027-06-09,0.36,37,6,24,NA,NA,NA,NA
2027-06-10,0.47,37,7,23,NA,NA,NA,NA
2027-06-11,0.58,37,8,22,NA,NA,NA,NA
2027-06-12,0.69,37,9,21,NA,NA,NA,NA
2027-06-13,0.78,37,10,20,NA,NA,NA,NA
2027-06-14,0.86,37,11,19,NA,NA,NA,NA
2027-06-15,0.92,37,12,18,NA,NA,NA,NA
2027-06-16,0.97,37,13,17,NA,NA,NA,NA
2027-06-17,0.99,37,14,16,NA,NA,NA,NA
2027-06-18,1,37,15,15,NA,NA,NA,NA
2027-06-19,0.99,37,16,14,NA,NA,NA,NA
2027-06-20,0.96,37,17,13,NA,NA,NA,NA
2027-06-21,0.91,37,18,12,NA,NA,NA,NA
2027-06-22,0.85,37,19,11,NA,NA,NA,NA
2027-06-23,0.78,37,20,10,NA,NA,NA,NA
2027-06-24,0.69,37,21,9,NA,NA,NA,NA
2027-06-25,0.6,37,22,8,NA,NA,NA,NA
2027-06-26,0.5,37,23,7,NA,NA,NA,NA
2027-06-27,0.4,37,24,6,NA,NA,NA,NA
2027-06-28,0.3,37,25,5,NA,NA,NA,NA
2027-06-29,0.2,37,26,4,NA,NA,NA,NA
2027-06-30,0.12,37,27,3,NA,NA,NA,NA
2027-07-01,0.06,37,28,2,NA,NA,NA,NA
2027-07-02,0.01,37,29,1,NA,NA,NA,NA
2027-07-03,0,38,1,29,NA,NA,NA,NA
2027-07-04,0.02,38,2,28,NA,NA,NA,NA
2027-07-05,0.06,38,3,27,NA,NA,NA,NA
2027-07-06,0.14,38,4,26,NA,NA,NA,NA
2027-07-07,0.23,38,5,25,NA,NA,NA,NA
2027-07-08,0.33,38,6,24,NA,NA,NA,NA
2027-07-09,0.44,38,7,23,NA,NA,NA,NA
2027-07-10,0.55,38,8,22,NA,NA,NA,NA
2027-07-11,0.65,38,9,21,NA,NA,NA,NA
2027-07-12,0.74,38,10,20,NA,NA,NA,NA
2027-07-13,0.83,38,11,19,NA,NA,NA,NA
2027-07-14,0.89,38,12,18,NA,NA,NA,NA
2027-07-15,0.95,38,13,17,NA,NA,NA,NA
2027-07-16,0.98,38,14,16,NA,NA,NA,NA
2027-07-17,1,38,15,15,NA,NA,NA,NA
2027-07-18,1,38,16,14,NA,NA,NA,NA
2027-07-19,0.98,38,17,13,NA,NA,NA,NA
2027-07-20,0.94,38,18,12,NA,NA,NA,NA
2027-07-21,0.89,38,19,11,NA,NA,NA,NA
2027-07-22,0.82,38,20,10,NA,NA,NA,NA
2027-07-23,0.74,38,21,9,NA,NA,NA,NA
2027-07-24,0.65,38,22,8,NA,NA,NA,NA
2027-07-25,0.55,38,23,7,NA,NA,NA,NA
2027-07-26,0.45,38,24,6,NA,NA,NA,NA
2027-07-27,0.34,38,25,5,NA,NA,NA,NA
2027-07-28,0.24,38,26,4,NA,NA,NA,NA
2027-07-29,0.15,38,27,3,NA,NA,NA,NA
2027-07-30,0.07,38,28,2,NA,NA,NA,NA
2027-07-31,0.02,38,29,1,NA,NA,NA,NA
2027-08-01,0,39,1,29,NA,NA,NA,NA
2027-08-02,0.01,39,2,28,NA,NA,NA,NA
2027-08-03,0.05,39,3,27,NA,NA,NA,NA
2027-08-04,0.11,39,4,26,NA,NA,NA,NA
2027-08-05,0.2,39,5,25,NA,NA,NA,NA
2027-08-06,0.29,39,6,24,NA,NA,NA,NA
2027-08-07,0.4,39,7,23,NA,NA,NA,NA
2027-08-08,0.5,39,8,22,NA,NA,NA,NA
2027-08-09,0.6,39,9,21,NA,NA,NA,NA
2027-08-10,0.7,39,10,20,NA,NA,NA,NA
2027-08-11,0.78,39,11,19,NA,NA,NA,NA
2027-08-12,0.86,39,12,18,NA,NA,NA,NA
2027-08-13,0.92,39,13,17,NA,NA,NA,NA
2027-08-14,0.96,39,14,16,NA,NA,NA,NA
2027-08-15,0.99,39,15,15,NA,NA,NA,NA
2027-08-16,1,39,16,14,NA,NA,NA,NA
2027-08-17,0.99,39,17,13,NA,NA,NA,NA
2027-08-18,0.97,39,18,12,NA,NA,NA,NA
2027-08-19,0.92,39,19,11,NA,NA,NA,NA
2027-08-20,0.86,39,20,10,NA,NA,NA,NA
2027-08-21,0.79,39,21,9,NA,NA,NA,NA
2027-08-22,0.7,39,22,8,NA,NA,NA,NA
2027-08-23,0.6,39,23,7,NA,NA,NA,NA
2027-08-24,0.49,39,24,6,NA,NA,NA,NA
2027-08-25,0.38,39,25,5,NA,NA,NA,NA
2027-08-26,0.27,39,26,4,NA,NA,NA,NA
2027-08-27,0.17,39,27,3,NA,NA,NA,NA
2027-08-28,0.09,39,28,2,NA,NA,NA,NA
2027-08-29,0.03,39,29,1,NA,NA,NA,NA
2027-08-30,0,40,1,1,NA,NA,NA,NA
2027-08-31,0,41,1,29,NA,NA,NA,NA
2027-09-01,0.03,41,2,28,NA,NA,NA,NA
2027-09-02,0.09,41,3,27,NA,NA,NA,NA
2027-09-03,0.16,41,4,26,NA,NA,NA,NA
2027-09-04,0.25,41,5,25,NA,NA,NA,NA
2027-09-05,0.35,41,6,24,NA,NA,NA,NA
2027-09-06,0.45,41,7,23,NA,NA,NA,NA
2027-09-07,0.54,41,8,22,NA,NA,NA,NA
2027-09-08,0.64,41,9,21,NA,NA,NA,NA
2027-09-09,0.73,41,10,20,NA,NA,NA,NA
2027-09-10,0.81,41,11,19,NA,NA,NA,NA
2027-09-11,0.88,41,12,18,NA,NA,NA,NA
2027-09-12,0.93,41,13,17,NA,NA,NA,NA
2027-09-13,0.97,41,14,16,NA,NA,NA,NA
2027-09-14,0.99,41,15,15,NA,NA,NA,NA
2027-09-15,1,41,16,14,NA,NA,NA,NA
2027-09-16,0.98,41,17,13,NA,NA,NA,NA
2027-09-17,0.95,41,18,12,NA,NA,NA,NA
2027-09-18,0.89,41,19,11,NA,NA,NA,NA
2027-09-19,0.82,41,20,10,NA,NA,NA,NA
2027-09-20,0.74,41,21,9,NA,NA,NA,NA
2027-09-21,0.64,41,22,8,NA,NA,NA,NA
2027-09-22,0.53,41,23,7,NA,NA,NA,NA
2027-09-23,0.41,41,24,6,NA,NA,NA,NA
2027-09-24,0.3,41,25,5,NA,NA,NA,NA
2027-09-25,0.2,41,26,4,NA,NA,NA,NA
2027-09-26,0.12,41,27,3,NA,NA,NA,NA
2027-09-27,0.05,41,28,2,NA,NA,NA,NA
2027-09-28,0.01,41,29,1,NA,NA,NA,NA
2027-09-29,0,42,1,29,NA,NA,NA,NA
2027-09-30,0.02,42,2,28,NA,NA,NA,NA
2027-10-01,0.06,42,3,27,NA,NA,NA,NA
2027-10-02,0.12,42,4,26,NA,NA,NA,NA
2027-10-03,0.2,42,5,25,NA,NA,NA,NA
2027-10-04,0.28,42,6,24,NA,NA,NA,NA
2027-10-05,0.38,42,7,23,NA,NA,NA,NA
2027-10-06,0.47,42,8,22,NA,NA,NA,NA
2027-10-07,0.57,42,9,21,NA,NA,NA,NA
2027-10-08,0.66,42,10,20,NA,NA,NA,NA
2027-10-09,0.75,42,11,19,NA,NA,NA,NA
2027-10-10,0.82,42,12,18,NA,NA,NA,NA
2027-10-11,0.89,42,13,17,NA,NA,NA,NA
2027-10-12,0.94,42,14,16,NA,NA,NA,NA
2027-10-13,0.98,42,15,15,NA,NA,NA,NA
2027-10-14,1,42,16,14,NA,NA,NA,NA
2027-10-15,0.99,42,17,13,NA,NA,NA,NA
2027-10-16,0.97,42,18,12,NA,NA,NA,NA
2027-10-17,0.92,42,19,11,NA,NA,NA,NA
2027-10-18,0.85,42,20,10,NA,NA,NA,NA
2027-10-19,0.77,42,21,9,NA,NA,NA,NA
2027-10-20,0.67,42,22,8,NA,NA,NA,NA
2027-10-21,0.56,42,23,7,NA,NA,NA,NA
2027-10-22,0.45,42,24,6,NA,NA,NA,NA
2027-10-23,0.33,42,25,5,NA,NA,NA,NA
2027-10-24,0.23,42,26,4,NA,NA,NA,NA
2027-10-25,0.14,42,27,3,NA,NA,NA,NA
2027-10-26,0.07,42,28,2,NA,NA,NA,NA
2027-10-27,0.03,42,29,1,NA,NA,NA,NA
2027-10-28,0,43,1,30,NA,NA,NA,NA
2027-10-29,0.01,43,2,29,NA,NA,NA,NA
2027-10-30,0.03,43,3,28,NA,NA,NA,NA
2027-10-31,0.08,43,4,27,NA,NA,NA,NA
2027-11-01,0.14,43,5,26,NA,NA,NA,NA
2027-11-02,0.22,43,6,25,NA,NA,NA,NA
2027-11-03,0.31,43,7,24,NA,NA,NA,NA
2027-11-04,0.4,43,8,23,NA,NA,NA,NA
2027-11-05,0.49,43,9,22,NA,NA,NA,NA
2027-11-06,0.58,43,10,21,NA,NA,NA,NA
2027-11-07,0.67,43,11,20,NA,NA,NA,NA
2027-11-08,0.76,43,12,19,NA,NA,NA,NA
2027-11-09,0.84,43,13,18,NA,NA,NA,NA
2027-11-10,0.9,43,14,17,NA,NA,NA,NA
2027-11-11,0.96,43,15,16,NA,NA,NA,NA
2027-11-12,0.99,43,16,15,NA,NA,NA,NA
2027-11-13,1,43,17,14,NA,NA,NA,NA
2027-11-14,0.98,43,18,13,NA,NA,NA,NA
2027-11-15,0.95,43,19,12,NA,NA,NA,NA
2027-11-16,0.88,43,20,11,NA,NA,NA,NA
2027-11-17,0.8,43,21,10,NA,NA,NA,NA
2027-11-18,0.7,43,22,9,NA,NA,NA,NA
2027-11-19,0.59,43,23,8,NA,NA,NA,NA
2027-11-20,0.48,43,24,7,NA,NA,NA,NA
2027-11-21,0.37,43,25,6,NA,NA,NA,NA
2027-11-22,0.26,43,26,5,NA,NA,NA,NA
2027-11-23,0.17,43,27,4,NA,NA,NA,NA
2027-11-24,0.1,43,28,3,NA,NA,NA,NA
2027-11-25,0.04,43,29,2,NA,NA,NA,NA
2027-11-26,0.01,43,30,1,NA,NA,NA,NA
2027-11-27,0,44,1,29,NA,NA,NA,NA
2027-11-28,0.01,44,2,28,NA,NA,NA,NA
2027-11-29,0.04,44,3,27,NA,NA,NA,NA
2027-11-30,0.09,44,4,26,NA,NA,NA,NA
2027-12-01,0.16,44,5,25,NA,NA,NA,NA
2027-12-02,0.23,44,6,24,NA,NA,NA,NA
2027-12-03,0.32,44,7,23,NA,NA,NA,NA
2027-12-04,0.41,44,8,22,NA,NA,NA,NA
2027-12-05,0.5,44,9,21,NA,NA,NA,NA
2027-12-06,0.6,44,10,20,NA,NA,NA,NA
2027-12-07,0.69,44,11,19,NA,NA,NA,NA
2027-12-08,0.78,44,12,18,NA,NA,NA,NA
2027-12-09,0.86,44,13,17,NA,NA,NA,NA
2027-12-10,0.92,44,14,16,NA,NA,NA,NA
2027-12-11,0.97,44,15,15,NA,NA,NA,NA
2027-12-12,1,44,16,14,NA,NA,NA,NA
2027-12-13,1,44,17,13,NA,NA,NA,NA
2027-12-14,0.97,44,18,12,NA,NA,NA,NA
2027-12-15,0.91,44,19,11,NA,NA,NA,NA
2027-12-16,0.84,44,20,10,NA,NA,NA,NA
2027-12-17,0.74,44,21,9,NA,NA,NA,NA
2027-12-18,0.63,44,22,8,NA,NA,NA,NA
2027-12-19,0.52,44,23,7,NA,NA,NA,NA
2027-12-20,0.41,44,24,6,NA,NA,NA,NA
2027-12-21,0.31,44,25,5,NA,NA,NA,NA
2027-12-22,0.21,44,26,4,NA,NA,NA,NA
2027-12-23,0.13,44,27,3,NA,NA,NA,NA
2027-12-24,0.07,44,28,2,NA,NA,NA,NA
2027-12-25,0.03,44,29,1,NA,NA,NA,NA
2027-12-26,0,45,1,1,NA,NA,NA,NA
2027-12-27,0,46,1,4,NA,NA,NA,NA
2027-12-28,0.02,46,2,3,NA,NA,NA,NA
2027-12-29,0.05,46,3,2,NA,NA,NA,NA
2027-12-30,0.1,46,4,1,NA,NA,NA,NA
NA,NA,NA,NA,NA,Aug 27–28,eclipse,Partial Lunar Eclipse,"The final eclipse of 2026 is a deep partial lunar eclipse. Weather permitting, it will be visible from the nighttime side of the Earth, including North and South America, Europe, and Africa."
